scenario,policy,n,average_inventory_ci95_high,average_inventory_ci95_low,average_inventory_mean,average_inventory_sd,days_ci95_high,days_ci95_low,days_mean,days_sd,fill_rate_ci95_high,fill_rate_ci95_low,fill_rate_mean,fill_rate_sd,holding_cost_ci95_high,holding_cost_ci95_low,holding_cost_mean,holding_cost_sd,lost_sales_ci95_high,lost_sales_ci95_low,lost_sales_mean,lost_sales_sd,ordering_cost_ci95_high,ordering_cost_ci95_low,ordering_cost_mean,ordering_cost_sd,paired_oracle_regret_mean,post_shift_14_lost_sales_ci95_high,post_shift_14_lost_sales_ci95_low,post_shift_14_lost_sales_mean,post_shift_14_lost_sales_sd,post_shift_14_service_level_ci95_high,post_shift_14_service_level_ci95_low,post_shift_14_service_level_mean,post_shift_14_service_level_sd,post_shift_14_total_cost_ci95_high,post_shift_14_total_cost_ci95_low,post_shift_14_total_cost_mean,post_shift_14_total_cost_sd,post_shift_30_lost_sales_ci95_high,post_shift_30_lost_sales_ci95_low,post_shift_30_lost_sales_mean,post_shift_30_lost_sales_sd,post_shift_30_service_level_ci95_high,post_shift_30_service_level_ci95_low,post_shift_30_service_level_mean,post_shift_30_service_level_sd,post_shift_30_total_cost_ci95_high,post_shift_30_total_cost_ci95_low,post_shift_30_total_cost_mean,post_shift_30_total_cost_sd,post_shift_7_lost_sales_ci95_high,post_shift_7_lost_sales_ci95_low,post_shift_7_lost_sales_mean,post_shift_7_lost_sales_sd,post_shift_7_service_level_ci95_high,post_shift_7_service_level_ci95_low,post_shift_7_service_level_mean,post_shift_7_service_level_sd,post_shift_7_total_cost_ci95_high,post_shift_7_total_cost_ci95_low,post_shift_7_total_cost_mean,post_shift_7_total_cost_sd,pre_shift_lost_sales_ci95_high,pre_shift_lost_sales_ci95_low,pre_shift_lost_sales_mean,pre_shift_lost_sales_sd,pre_shift_service_level_ci95_high,pre_shift_service_level_ci95_low,pre_shift_service_level_mean,pre_shift_service_level_sd,pre_shift_total_cost_ci95_high,pre_shift_total_cost_ci95_low,pre_shift_total_cost_mean,pre_shift_total_cost_sd,purchase_cost_ci95_high,purchase_cost_ci95_low,purchase_cost_mean,purchase_cost_sd,service_level_ci95_high,service_level_ci95_low,service_level_mean,service_level_sd,stockout_cost_ci95_high,stockout_cost_ci95_low,stockout_cost_mean,stockout_cost_sd,stockout_rate_ci95_high,stockout_rate_ci95_low,stockout_rate_mean,stockout_rate_sd,total_cost_ci95_high,total_cost_ci95_low,total_cost_mean,total_cost_sd,total_demand_ci95_high,total_demand_ci95_low,total_demand_mean,total_demand_sd,total_sales_ci95_high,total_sales_ci95_low,total_sales_mean,total_sales_sd
demand_jump,exponential,10,13.079971228435513,11.692028771564486,12.386,1.1196580165720575,150.0,150.0,150.0,0.0,0.8351977892286849,0.8194131588465338,0.8273054740376093,0.012733516334564283,392.39913685306544,350.76086314693464,371.58000000000004,33.58974049716173,685.3906399922331,621.2093600077668,653.3,51.77526221833915,0.0,0.0,0.0,0.0,1842.2599999999998,96.68184063543956,67.31815936456044,82.0,23.687784005919827,0.8289708382914718,0.7612593812165604,0.7951151097540161,0.05462306837893927,852.7264062344103,681.3135937655896,767.02,138.27931314713868,172.13428168581598,137.86571831418402,155.0,27.644569488820444,0.8457755681964301,0.8045345656187151,0.8251550669075726,0.033269260493483284,1686.6630973919418,1504.8569026080581,1595.76,146.66369087890234,52.91465140364202,30.08534859635798,41.5,18.41647812874836,0.8360014833963573,0.7377248060301956,0.7868631447132765,0.07928013809963995,440.87749149178046,299.84250850821957,370.36,113.77341224263836,307.13659979585884,254.86340020414116,281.0,42.168972268982586,0.8321711724773658,0.8036112902393701,0.8178912313583679,0.023039356525064725,2965.723991772549,2658.6760082274504,2812.2,247.6966783072483,3181.1601853424168,3089.039814657583,3135.1,74.31382404670374,0.8351977892286849,0.8194131588465338,0.8273054740376093,0.012733516334564283,3426.9531999611654,3106.0468000388346,3266.5,258.87631109169575,0.3624778950023995,0.33218877166426714,0.3473333333333333,0.024434341346495043,6946.538953177171,6599.82104682283,6773.18,279.6985432767056,3831.5106699493986,3733.4893300506014,3782.5,79.07415647493322,3177.8044873282747,3080.595512671725,3129.2,78.4188186031332
demand_jump,fixed,10,22.35360409637255,7.834395903627447,15.094,11.712695844707028,150.0,150.0,150.0,0.0,0.8084964460282726,0.788103686524432,0.7983000662763523,0.016450910155148348,670.6081228911765,235.03187710882352,452.82000000000005,351.38087534121087,812.7761395164225,715.4238604835775,764.1,78.53442274286834,0.0,0.0,0.0,0.0,2342.4,126.11835096686046,46.88164903313954,86.5,63.920523568986304,0.8765419301872245,0.7118325854032442,0.7941872577952344,0.13287160240595705,927.1253163356382,568.9946836643617,748.06,288.90522936692497,296.2427377036107,214.3572622963893,255.3,66.05729836033764,0.7511446312353557,0.6787430918366611,0.7149438615360084,0.05840657413323783,2109.669268304134,1721.690731695866,1915.68,312.98363748498633,53.45691794736626,6.743082052633746,30.1,37.6842142017052,0.960256775642576,0.7585891885237094,0.8594229820831427,0.16268594528725827,424.48486835965537,216.23513164034466,320.36,167.99578830699562,82.02790078202419,26.572099217975808,54.3,44.73638837059206,0.9828447270505561,0.9488956921986104,0.9658702096245833,0.027386804718516757,2286.5947729763075,2053.925227023693,2170.26,187.69533351211012,3000.0,3000.0,3000.0,0.0,0.8084964460282726,0.788103686524432,0.7983000662763523,0.016450910155148348,4063.880697582112,3577.119302417888,3820.5,392.67211371434166,0.44994802279185664,0.3553853105414767,0.4026666666666667,0.07628406949854773,7415.382819117365,7131.257180882634,7273.32,229.20514246703388,3831.5106699493986,3733.4893300506014,3782.5,79.07415647493322,3019.7452956717557,3017.0547043282445,3018.4,2.1705094128132942
demand_jump,moving_average,10,11.527303042978994,10.355363623687671,10.941333333333333,0.9454076134427707,150.0,150.0,150.0,0.0,0.8470969918948382,0.8367414964734593,0.8419192441841488,0.008353814242602765,345.8190912893699,310.6609087106301,328.24,28.362228403283137,618.7871596494646,577.0128403505354,597.9,33.699488950955256,0.0,0.0,0.0,0.0,1576.52,92.44296910521659,64.1570308947834,78.3,22.81836492340715,0.8361978196483657,0.7726742598231693,0.8044360397357675,0.051244677073874596,833.1868996624389,665.8131003375611,749.5,135.021027169022,167.87273800415878,129.12726199584122,148.5,31.25611051369707,0.8534824075366956,0.8126357135906186,0.8330590605636571,0.03295117034627918,1671.2804391243224,1449.0395608756778,1560.16,179.28249093415553,56.505830817840305,31.49416918215969,44.0,20.176994600562075,0.8252087390657293,0.7284051936141366,0.776806966339933,0.07809175745068021,458.3439137467591,307.25608625324094,382.8,121.88307694033838,271.0701217663223,232.5298782336777,251.8,31.090548760390547,0.847088483183237,0.8263764489645788,0.8367324660739079,0.016708470180180096,2799.5439802560873,2554.976019743913,2677.26,197.2938260001508,3234.0911514906593,3145.3088485093404,3189.7,71.62099319799096,0.8470969918948382,0.8367414964734593,0.8419192441841488,0.008353814242602765,3093.935798247323,2885.064201752677,2989.5,168.4974447547763,0.34867777569661207,0.32732222430338787,0.33799999999999997,0.0172275977273905,6629.547000944726,6385.332999055273,6507.44,197.00828634574972,3831.5106699493986,3733.4893300506014,3782.5,79.07415647493322,3231.7199653650127,3137.480034634987,3184.6,76.02368052126916
demand_jump,oracle,10,32.93223120234851,31.435768797651484,32.184,1.20720143664675,150.0,150.0,150.0,0.0,0.9946248183234115,0.9868857719779603,0.9907552951506859,0.006243115655415351,987.9669360704555,943.0730639295447,965.5200000000001,36.21604309940249,50.30122193541431,20.298778064585683,35.3,24.203076021218642,0.0,0.0,0.0,0.0,0.0,16.166360349528063,-1.3663603495280618,7.4,14.143706884846152,1.0025773820398227,0.9651394312275586,0.9838584066336906,0.03020132538165952,623.4395730166297,518.6804269833702,571.06,84.509568163085,22.055593425957554,2.344406574042445,12.2,15.901083121738735,0.9972801728998224,0.9766970511165542,0.9869886120081883,0.016604476069324994,1260.6854836450457,1138.1945163549544,1199.44,98.81389016170189,11.298666666666666,-1.8986666666666663,4.7,10.646334789233544,1.0059284906773172,0.951167138463213,0.9785478145702651,0.04417617366001879,335.274416415735,256.845583584265,296.06,63.26881274898926,26.272834346100083,8.527165653899914,17.4,14.315492772983168,0.9945565861117585,0.983303966274967,0.9889302761933627,0.009077527634758486,2063.9468285664366,1955.9331714335638,2009.94,87.13499360825766,3826.25381554808,3751.54618445192,3788.9,60.26690634170631,0.9946248183234115,0.9868857719779603,0.9907552951506859,0.006243115655415351,251.50610967707155,101.49389032292844,176.5,121.01538010609322,0.04546409714010733,0.02520256952655934,0.035333333333333335,0.016345044931940705,5015.549910032486,4846.290089967514,4930.92,136.54248667234185,3831.5106699493986,3733.4893300506014,3782.5,79.07415647493322,3786.013499049228,3708.3865009507717,3747.2,62.62196987568429
demand_jump,random,10,41.810659705680436,16.613340294319563,29.212,20.32676537517182,150.0,150.0,150.0,0.0,0.8266410351782902,0.7601645577577429,0.7934027964680166,0.05362680598818489,1254.319791170413,498.400208829587,876.36,609.8029612551546,906.3706120273218,656.2293879726781,781.3,201.78979712121776,0.0,0.0,0.0,0.0,2842.3399999999997,121.21759803483461,39.5824019651654,80.4,65.85539714657664,0.9038663207305405,0.6886833691552009,0.7962748449428707,0.1735888368917834,912.3088763900287,656.1711236099713,784.24,206.62721774033332,286.77617622125007,178.02382377874991,232.4,87.73090168869297,0.7994400360318156,0.6790598756246528,0.7392499558282342,0.097111094893637,2066.6104604500924,1698.1095395499074,1882.36,297.27097701891074,51.03337505877964,11.366624941220362,31.2,31.99930554802019,0.9448881540927001,0.7269617550680847,0.8359249545803924,0.1758019855093064,420.08706035950974,293.2329396404903,356.66,102.33366123725966,146.73536444467965,50.06463555532037,98.4,77.9846138670956,0.9675060628744746,0.903654557221694,0.9355803100480843,0.05150923211579155,2872.742370570162,2440.177629429838,2656.46,348.9514840521849,3119.753466501675,2861.046533498325,2990.4,208.6997843793807,0.8266410351782902,0.7601645577577429,0.7934027964680166,0.05362680598818489,4531.853060136609,3281.1469398633903,3906.5,1008.9489856060887,0.38987525496078257,0.28079141170588406,0.3353333333333333,0.0879983164822129,8120.205153282738,7426.314846717262,7773.26,559.7637283314771,3831.5106699493986,3733.4893300506014,3782.5,79.07415647493322,3133.4304702891463,2868.9695297108533,3001.2,213.3415623412893
gradual_demand,exponential,10,13.053505867799473,11.67582746553386,12.364666666666666,1.1113779679543412,150.0,150.0,150.0,0.0,0.836264398239294,0.8211073166629849,0.8286858574511394,0.012227270526049,391.60517603398426,350.27482396601584,370.94000000000005,33.341339038630245,682.1322329629479,620.0677670370521,651.1,50.06762094075039,0.0,0.0,0.0,0.0,1839.04,66.1840857120468,40.21591428795321,53.2,20.94861438005971,0.8629570238546511,0.7986636744019915,0.8308103491283213,0.05186566904886331,628.1073847357179,478.65261526428213,553.38,120.56568334314703,146.38610436064437,122.81389563935564,134.6,19.01578291840754,0.8340989914991485,0.795081200738074,0.8145900961186112,0.03147578777369132,1420.6593393856651,1286.6606606143346,1353.6599999999999,108.0972011149636,33.456733089748965,11.543266910251031,22.5,17.67766952966369,0.9166017012211702,0.7803096029402732,0.8484556520807217,0.10994731062529432,306.1843075638429,185.4556924361571,245.82,97.39219453095589,255.1234340784197,214.27656592158027,234.7,32.95131088270828,0.8256020237562239,0.7970058575474289,0.8113039406518264,0.023068626930748532,2414.150665505608,2178.289334494392,2296.22,190.27015764141495,3199.116850258302,3108.4831497416985,3153.8,73.11452204133823,0.836264398239294,0.8211073166629849,0.8286858574511394,0.012227270526049,3410.661164814739,3100.338835185261,3255.5,250.33810470375192,0.3630578223559007,0.327608844310766,0.3453333333333333,0.028596814119369617,6946.018935537071,6614.461064462928,6780.24,267.46888998743594,3844.4852359028628,3755.5147640971372,3800.0,71.7727896443585,3193.042760503721,3104.757239496279,3148.9,71.22023744851053
gradual_demand,fixed,10,20.577067951759215,6.901598714907451,13.739333333333333,11.032048688779655,150.0,150.0,150.0,0.0,0.8041367082118127,0.7854287619671627,0.7947827350894877,0.01509176542782844,617.3120385527765,207.0479614472235,412.18,330.9614606633897,825.1370311440297,736.4629688559702,780.8,71.53367505354849,0.0,0.0,0.0,0.0,2374.98,28.558166804775617,7.84183319522438,18.2,16.711938513795726,0.9753935485324989,0.911677323274042,0.9435354359032705,0.051400100950274155,489.20544390415887,391.4345560958411,440.32,78.87211590078375,146.35668134769318,64.04331865230682,105.2,66.40247652677488,0.9099359340265265,0.8119867572545909,0.8609613456405587,0.07901594222902428,1395.041195965244,1048.518804034756,1221.78,279.5408211096667,1.4366749003578922,-0.23667490035789218,0.6,1.3498971154211057,1.0016901590358271,0.9898774614092695,0.9957838102225482,0.009529344339486504,209.3640169206638,157.67598307933622,183.52,41.69691701899421,74.30791653429533,23.89208346570467,49.1,40.67062822234247,0.9810746058210307,0.9425486594471626,0.9618116326340966,0.031079015192583763,1829.9940429644284,1661.4059570355716,1745.7,136.00059640392104,3000.0,3000.0,3000.0,0.0,0.8041367082118127,0.7854287619671627,0.7947827350894877,0.01509176542782844,4125.685155720149,3682.314844279851,3904.0,357.6683752677425,0.4693544219190435,0.3706455780809565,0.42,0.07962876829852852,7424.0102858628425,7208.349714137158,7316.18,173.97413473144672,3844.4852359028628,3755.5147640971372,3800.0,71.7727896443585,3020.285398851421,3018.1146011485785,3019.2,1.7511900715418263
gradual_demand,moving_average,10,11.41226378351084,10.349069549822493,10.880666666666666,0.8576824932684932,150.0,150.0,150.0,0.0,0.8475952760888437,0.8370162520847293,0.8423057640867865,0.008534135529233607,342.3679135053252,310.47208649467484,326.42,25.730474798054804,620.3316725320076,578.0683274679925,599.2,34.093987739776054,0.0,0.0,0.0,0.0,1592.62,62.59543973492761,37.804560265072396,50.2,19.998888858022976,0.8717172666115233,0.8081233233165269,0.8399202949640251,0.0513014556642301,608.7851251445292,467.01487485547085,537.9,114.3665549401961,134.37484750937114,114.62515249062886,124.5,15.932147794109033,0.8452861218928651,0.8117623412011741,0.8285242315470196,0.027043750705540524,1363.0275484017102,1242.77245159829,1302.9,97.01020564868423,29.20480430851991,9.795195691480089,19.5,15.65779890874406,0.9298442376852314,0.8088090944040125,0.8693266660446219,0.09763947186058095,285.7867045459499,179.37329545405018,232.58,85.8440679371615,225.15827093275362,195.4417290672464,210.3,23.972437877232633,0.8413170070699577,0.8203472114449463,0.830832109257452,0.016916407204915905,2280.395697652936,2088.8443023470636,2184.62,154.52517809944973,3255.2894142438317,3167.5105857561684,3211.4,70.81148682711489,0.8475952760888437,0.8370162520847293,0.8423057640867865,0.008534135529233607,3101.6583626600373,2890.3416373399627,2996.0,170.46993869888027,0.35019696006726125,0.3231363732660721,0.33666666666666667,0.021829869671542775,6652.558108528793,6415.081891471206,6533.82,191.57289184247566,3844.4852359028628,3755.5147640971372,3800.0,71.7727896443585,3244.7929654174645,3156.807034582536,3200.8,70.97855701235096
gradual_demand,oracle,10,32.50262679739452,30.93737320260548,31.72,1.2626955294131674,150.0,150.0,150.0,0.0,0.9940595039872233,0.9865726984488596,0.9903161012180415,0.006039632117345074,975.0788039218355,928.1211960781645,951.6,37.880865882395035,51.34955609069493,22.650443909305068,37.0,23.15167380558045,0.0,0.0,0.0,0.0,0.0,7.580744939188108,-1.1807449391881075,3.2,7.067924416372572,1.00369375400923,0.9773382052937835,0.9905159796515067,0.021261112990902116,442.5259516953817,394.39404830461837,418.46000000000004,38.828174192345315,13.79599652560534,1.0040034743946622,7.4,10.319345371140987,0.9985902265003324,0.982660550409989,0.9906253884551607,0.012850525212809015,1032.7002291449237,947.4997708550765,990.1,68.73150660359482,0.592,-0.19199999999999995,0.2,0.6324555320336759,1.0012715231788079,0.9960794701986755,0.9986754966887417,0.0041884472320110845,199.07575514434458,184.40424485565543,191.74,11.8355584762378,24.8885382018388,7.711461798161201,16.3,13.85680739243752,0.9939161752664379,0.9804836989059552,0.9871999370861966,0.010836025488646603,1673.7929011434057,1569.8470988565941,1621.82,83.85344092853647,3843.697728811559,3765.502271188441,3804.6,63.08054815516076,0.9940595039872233,0.9865726984488596,0.9903161012180415,0.006039632117345074,256.74778045347466,113.25221954652535,185.0,115.75836902790225,0.04360888888888889,0.027057777777777778,0.035333333333333335,0.013351839009599825,5018.063504651933,4864.336495348067,4941.2,124.01211410360037,3844.4852359028628,3755.5147640971372,3800.0,71.7727896443585,3801.8192172340796,3724.1807827659204,3763.0,62.63119563497624
gradual_demand,random,10,39.30875725714283,15.681909409523834,27.49533333333333,19.059860492021148,150.0,150.0,150.0,0.0,0.8221681074468848,0.7565621461959421,0.7893651268214135,0.052924557560645,1179.262717714285,470.4572822857151,824.86,571.7958147606345,923.9313294090601,676.46867059094,800.2,199.6289892108191,0.0,0.0,0.0,0.0,2875.06,65.0579527670989,5.542047232901105,35.3,48.011688391705434,0.9812681118789265,0.8024245144151833,0.8918463131470549,0.14427375329687284,711.9438142451922,506.33618575480773,609.14,165.86439039166905,174.7230214150592,48.876978584940794,111.8,101.52044129139708,0.933695994628297,0.7597860165780075,0.8467410056031522,0.14029378532367437,1585.7939166414208,1219.1660833585793,1402.48,295.75995071078245,34.209168784079566,-4.609168784079568,14.8,31.31488818792464,1.0281483996957559,0.764035646751821,0.8960920232237884,0.2130606781633101,379.5031852815438,226.4968147184562,303.0,123.43077232017775,115.57970143918288,37.82029856081712,76.7,62.72878127303287,0.9691248459918976,0.907432397385379,0.9382786216886383,0.04976751327282659,2226.736862470726,1903.223137529274,2064.98,260.97964927046195,3119.753466501675,2861.046533498325,2990.4,208.6997843793807,0.8221681074468848,0.7565621461959421,0.7893651268214135,0.052924557560645,4619.6566470453,3382.3433529546996,4001.0,998.1449460540956,0.396756081090406,0.28324391890959405,0.34,0.09157065679127341,8153.336492536213,7479.1835074637875,7816.26,543.841562303663,3844.4852359028628,3755.5147640971372,3800.0,71.7727896443585,3130.4424257514465,2869.157574248554,2999.8,210.77940021632938
periodic_combined,exponential,10,7.922201333531614,6.536465333135052,7.229333333333333,1.1178780604451863,150.0,150.0,150.0,0.0,0.6910576983227973,0.6762321286358345,0.6836449134793159,0.011959838729681682,237.66604000594845,196.0939599940516,216.88000000000002,33.536341813355584,994.2909050312967,928.5090949687033,961.4,53.066415409790444,0.0,0.0,0.0,0.0,2791.02,97.65661187331426,63.743388126685744,80.7,27.357915775065095,0.7113003173431491,0.5960083466765844,0.6536543320098668,0.09300643449889426,649.7909774598735,468.4490225401265,559.12,146.2891869627493,311.10982329178233,261.6901767082176,286.4,39.867001113424344,0.5576985253474972,0.5158531299856254,0.5367758276665613,0.0337568262586124,1951.7910991570175,1675.8489008429824,1813.82,222.60353296587388,46.87559496327756,18.324405036722446,32.6,23.03234440713513,0.8377567828187542,0.6475782231433624,0.7426675029810583,0.15341770681237,323.91211216931856,173.12788783068146,248.52,121.63815921731872,301.4215086342217,275.37849136577825,288.4,21.00899278351482,0.8241854108193707,0.8075859592833219,0.8158856850513463,0.01339083539885079,2955.1828774545343,2800.537122545466,2877.86,124.75326938490326,2166.087137970628,2111.3128620293714,2138.7,44.18659927574825,0.6910576983227973,0.6762321286358345,0.6836449134793159,0.011959838729681682,4971.454525156483,4642.545474843517,4807.0,265.3320770489522,0.5099163161439356,0.4807503505227311,0.49533333333333335,0.02352828610234031,7353.607511594232,6971.552488405768,7162.58,308.20511856734487,3090.427044268555,2985.172955731445,3037.8,84.90884000568558,2110.023760487687,2042.7762395123132,2076.4,54.24880951074718
periodic_combined,fixed,10,30.677738107894164,22.83559522543917,26.756666666666668,6.326283991080582,150.0,150.0,150.0,0.0,0.9362814759852812,0.9060879554926607,0.921184715738971,0.024357218197869884,920.332143236825,685.0678567631751,802.7,189.7885197324175,291.95892626122225,190.24107373877774,241.1,82.05614608980312,0.0,0.0,0.0,0.0,636.6400000000001,33.12149848895776,9.278501511042236,21.2,19.234228748654196,0.958200544192259,0.8600821864358243,0.9091413653140417,0.07915242111877091,513.1175599929735,414.72244000702653,463.92,79.37568617376202,117.21723726974912,51.982762730250876,84.6,52.62487793598934,0.913313116390915,0.822350738657808,0.8678319275243614,0.07337966709724535,1283.5276211208443,1011.5123788791558,1147.52,219.4356438179034,29.925361840245706,7.474638159754294,18.7,18.111077027916124,0.9348051557438842,0.7609915274217506,0.8478983415828174,0.14021605966221773,310.856300425924,216.903699574076,263.88,75.79189050727437,105.98716605230226,44.81283394769776,75.4,49.34954688523267,0.9711765220168345,0.9341277300661419,0.9526521260414882,0.029887389571913562,2521.20189427513,2290.63810572487,2405.92,185.99661167762054,3000.0,3000.0,3000.0,0.0,0.9362814759852812,0.9060879554926607,0.921184715738971,0.024357218197869884,1459.7946313061113,951.2053686938887,1205.5,410.28073044901555,0.20952201677075707,0.15181131656257627,0.18066666666666667,0.04655542296454203,5191.091403194598,4825.308596805402,5008.2,295.07826457098156,3090.427044268555,2985.172955731445,3037.8,84.90884000568558,2818.52182234981,2774.8781776501896,2796.7,35.207480265799575
periodic_combined,moving_average,10,6.856182810380353,5.805150522952981,6.330666666666667,0.8478714088385844,150.0,150.0,150.0,0.0,0.6986163582296452,0.684933495944021,0.6917749270868331,0.011038012686987222,205.6854843114106,174.15451568858944,189.92000000000002,25.43614226515753,969.5003612892035,904.0996387107964,936.8,52.75899080830784,0.0,0.0,0.0,0.0,2666.96,93.59003609935125,60.40996390064875,77.0,26.766479866512974,0.7238238599788366,0.6177417015056402,0.6707827807422384,0.08557684690873235,635.6613750020422,453.6986249979579,544.6800000000001,146.78998452059173,306.4846344112349,263.3153655887651,284.9,34.82479959262747,0.5540854673709422,0.5234429903286303,0.5387642288497863,0.02471939301100142,1929.4294272702919,1680.9305727297083,1805.18,200.46489191099994,42.565333333333335,13.034666666666668,27.8,23.82249170660179,0.8894296764822921,0.6840302801677375,0.7867299783250148,0.16569640876979266,305.3450381582967,149.6549618417033,227.5,125.5957271035391,280.57476112451826,255.82523887548172,268.2,19.965525843869532,0.836017946272975,0.8217052337280119,0.8288615900004934,0.011546115086058378,2861.1487748733775,2705.6512251266226,2783.4,125.44041524874581,2192.2880785898915,2136.9119214101083,2164.6,44.67213896826522,0.6986163582296452,0.684933495944021,0.6917749270868331,0.011038012686987222,4847.501806446018,4520.498193553982,4684.0,263.7949540415392,0.5216834648366068,0.49698320183005984,0.5093333333333333,0.01992578824129769,7227.680877981845,6849.359122018156,7038.52,305.19347888766475,3090.427044268555,2985.172955731445,3037.8,84.90884000568558,2131.0817257188182,2070.9182742811818,2101.0,48.53406592853679
periodic_combined,oracle,10,33.88186132892088,30.79547200441246,32.33866666666667,2.4898010233354935,150.0,150.0,150.0,0.0,0.9909076207710046,0.9851028533433741,0.9880052370571893,0.004682726111956416,1016.4558398676263,923.8641601323739,970.1600000000001,74.69403070006479,45.53515356814703,27.46484643185297,36.5,14.577379737113251,0.0,0.0,0.0,0.0,0.0,20.16640956589444,3.6335904341055603,11.9,13.337082806137847,0.9839148897416582,0.9175896860124294,0.9507522878770438,0.05350477297424916,485.8337716220195,403.4862283779804,444.65999999999997,66.43005009448326,33.104536659824774,13.09546334017523,23.1,16.141389173316046,0.9786260129805506,0.9483763776670249,0.9635011953237878,0.02440248621943957,1095.48324949743,992.8767505025701,1044.18,82.77302029579982,18.24055359005189,3.159446409948111,10.7,12.165981715879369,0.97420073679617,0.8605775580506858,0.9173891474234279,0.09166021424085799,287.1687196564653,213.8312803435347,250.5,59.16156785541701,16.267562580667178,6.932437419332822,11.6,7.530677998102901,0.9955778557624603,0.9897368062006865,0.9926573309815734,0.004711995036003482,2063.197332421096,2002.0826675789046,2032.64,49.30141309671894,3270.003405913892,3167.796594086108,3218.9,82.45059126531477,0.9909076207710046,0.9851028533433741,0.9880052370571893,0.004682726111956416,227.67576784073515,137.32423215926485,182.5,72.88689868556625,0.03949358112151269,0.024506418878487313,0.032,0.012090196007764838,4412.8634336380555,4330.256566361943,4371.5599999999995,66.63924769483313,3090.427044268555,2985.172955731445,3037.8,84.90884000568558,3052.3871993708362,2950.212800629164,3001.3,82.42444351579748
periodic_combined,random,10,76.67017694216177,30.589823057838217,53.629999999999995,37.1731820563902,150.0,150.0,150.0,0.0,0.948435883912784,0.8734160165095557,0.9109259502111698,0.06051878845867925,2300.1053082648536,917.6946917351466,1608.9,1115.1954616917064,385.90962924385354,156.2903707561465,271.1,185.23465598472058,0.0,0.0,0.0,0.0,1583.2400000000002,58.73910010205344,10.060899897946559,34.4,39.268873735370164,0.9518898427225702,0.7554700405906554,0.8536799416566128,0.1584525388511347,758.3985147659112,547.0414852340889,652.72,170.50245224694638,129.34629744006705,30.853702559932934,80.1,79.4543195105772,0.9491261928418121,0.8004323987295033,0.8747792957856577,0.11995180186914037,1525.4597222161638,1236.9002777838364,1381.18,232.78190937728246,38.91657922283086,8.883420777169137,23.9,24.227853575768716,0.9229420279912692,0.6751087270836271,0.7990253775374482,0.19992798747602655,390.57538794988943,297.10461205011063,343.84000000000003,75.403200639407,188.5882785814638,74.2117214185362,131.4,92.2679672355351,0.9530189462816974,0.8787925447660527,0.915905745523875,0.05987869676214567,3333.3420933399902,2672.33790666001,3002.84,533.2343808203752,3119.753466501675,2861.046533498325,2990.4,208.6997843793807,0.948435883912784,0.8734160165095557,0.9109259502111698,0.06051878845867925,1929.5481462192677,781.4518537807323,1355.5,926.1732799236029,0.21168176635619806,0.08965156697713526,0.15066666666666667,0.09844218708222031,6390.410026211723,5519.189973788278,5954.8,702.8162522625985,3090.427044268555,2985.172955731445,3037.8,84.90884000568558,2885.474867981404,2647.925132018596,2766.7,191.63219979951177
stable,exponential,10,11.033416324909078,9.893250341757588,10.463333333333333,0.9197758717867017,150.0,150.0,150.0,0.0,0.83649524845783,0.8202226969692078,0.8283589727135189,0.01312712399143101,331.00248974727236,296.7975102527277,313.90000000000003,27.59327615360106,549.2720082650123,495.92799173498764,522.6,43.03280402463012,0.0,0.0,0.0,0.0,1474.24,,,,,,,,,,,,,,,,,,,,,,,,,,,,,,,,,,,,,,,,,,,,,,,,,2548.442874847298,2471.757125152702,2510.1,61.86266150828696,0.83649524845783,0.8202226969692078,0.8283589727135189,0.01312712399143101,2746.360041325062,2479.639958674938,2613.0,215.1640201231506,0.33844702771481355,0.31088630561851976,0.32466666666666666,0.022233330556943577,5580.9963266691975,5293.0036733308025,5437.0,232.32467702668936,3079.4216918766238,3008.3783081233764,3043.9,57.310945241240304,2555.930426211001,2486.6695737889995,2521.3,55.87297100467174
stable,fixed,10,45.7985516617934,26.472115004873277,36.135333333333335,15.5907037986831,150.0,150.0,150.0,0.0,0.9894042614661285,0.9681571297337044,0.9787806955999164,0.01714013520920905,1373.9565498538018,794.1634501461981,1084.06,467.721113960493,98.52770092023286,32.07229907976713,65.3,53.60980424429016,0.0,0.0,0.0,0.0,447.8000000000001,,,,,,,,,,,,,,,,,,,,,,,,,,,,,,,,,,,,,,,,,,,,,,,,,3000.0,3000.0,3000.0,0.0,0.9894042614661285,0.9681571297337044,0.9787806955999164,0.01714013520920905,492.6385046011643,160.36149539883567,326.5,268.0490212214508,0.11188843839842016,0.03344489493491318,0.07266666666666667,0.06328067986711619,4591.006605641004,4230.113394358997,4410.56,291.13381115906145,3079.4216918766238,3008.3783081233764,3043.9,57.310945241240304,2999.8050704209054,2957.3949295790944,2978.6,34.21240840526853
stable,moving_average,10,9.678411521433775,8.792255145232891,9.235333333333333,0.7148654367030152,150.0,150.0,150.0,0.0,0.8519082925696387,0.8391949437028215,0.8455516181362301,0.010255902833536472,290.3523456430133,263.7676543569867,277.06,21.44596310109046,491.92138533951976,448.67861466048026,470.3,34.88409379645686,0.0,0.0,0.0,0.0,1224.7,,,,,,,,,,,,,,,,,,,,,,,,,,,,,,,,,,,,,,,,,,,,,,,,,2590.5640276514396,2527.2359723485606,2558.9,51.086962894438905,0.8519082925696387,0.8391949437028215,0.8455516181362301,0.010255902833536472,2459.6069266975987,2243.3930733024013,2351.5,174.4204689822843,0.332431316175878,0.2982353504907887,0.31533333333333335,0.02758600468210263,5310.181199102066,5064.738800897934,5187.46,197.99923793343794,3079.4216918766238,3008.3783081233764,3043.9,57.310945241240304,2603.6379902863764,2543.5620097136234,2573.6,48.46350287702191
stable,oracle,10,27.3727648888191,26.12456844451423,26.748666666666665,1.0069244212568573,150.0,150.0,150.0,0.0,0.9948423588372413,0.9871889851890554,0.9910156720131483,0.006174003191984649,821.182946664573,783.737053335427,802.46,30.20773263770572,39.26816383298601,15.73183616701399,27.5,18.986837546047525,0.0,0.0,0.0,0.0,0.0,,,,,,,,,,,,,,,,,,,,,,,,,,,,,,,,,,,,,,,,,,,,,,,,,3054.85836832335,2990.7416316766503,3022.8,51.723194882846215,0.9948423588372413,0.9871889851890554,0.9910156720131483,0.006174003191984649,196.34081916493005,78.65918083506995,137.5,94.93418773023762,0.04150270033097156,0.022497299669028446,0.032,0.01533172294280919,4025.7468579596307,3899.7731420403697,3962.76,101.62343561731545,3079.4216918766238,3008.3783081233764,3043.9,57.310945241240304,3047.816027728251,2984.9839722717493,3016.4,50.686838089937666
stable,random,10,100.6933868285875,36.533279838079146,68.61333333333333,51.75818189033104,150.0,150.0,150.0,0.0,0.978687196898554,0.9219614778593188,0.9503243373789364,0.045760835223153454,3020.8016048576255,1095.9983951423746,2058.4,1552.7454567099314,238.00377176952404,65.19622823047595,151.6,139.40444756176183,0.0,0.0,0.0,0.0,1844.0400000000002,,,,,,,,,,,,,,,,,,,,,,,,,,,,,,,,,,,,,,,,,,,,,,,,,3119.753466501675,2861.046533498325,2990.4,208.6997843793807,0.978687196898554,0.9219614778593188,0.9503243373789364,0.045760835223153454,1190.01885884762,325.98114115237985,758.0,697.0222378088091,0.14968449852377713,0.04631550147622286,0.098,0.08338813013201328,6589.313566400879,5024.286433599122,5806.8,1262.5128417388694,3079.4216918766238,3008.3783081233764,3043.9,57.310945241240304,2979.7271567369726,2804.872843263028,2892.3,141.0555840006973
supply_delay,exponential,10,7.644714247129248,6.479285752870751,7.061999999999999,0.9401552275299285,150.0,150.0,150.0,0.0,0.6670330794070317,0.6497576317221151,0.6583953555645734,0.013936163847811048,229.34142741387748,194.37857258612254,211.86,28.204656825897864,1069.824449728534,1009.9755502714661,1039.9,48.28031574968094,0.0,0.0,0.0,0.0,3103.68,135.48083465800482,112.51916534199519,124.0,18.52325865259974,0.5587814278462967,0.5161322991605196,0.5374568635034082,0.03440520073180589,835.2310364319507,699.4489635680494,767.34,109.53587134409945,310.9391911128932,279.0608088871068,295.0,25.716402029314548,0.5135061827554864,0.4829594140181253,0.4982327983868059,0.024642184787879346,1890.8706664319304,1709.4093335680698,1800.14,146.3854895662666,76.44928039675214,49.75071960324786,63.1,21.537822029578056,0.5982588764132145,0.48040150574822815,0.5393301910807213,0.09507595161736494,467.2467834732599,322.6332165267401,394.94,116.66026839598057,307.13659979585884,254.86340020414116,281.0,42.168972268982586,0.8321711724773658,0.8036112902393701,0.8178912313583679,0.023039356525064725,2965.723991772549,2658.6760082274504,2812.2,247.6966783072483,2029.1742145502567,1962.0257854497431,1995.6,54.16887174998817,0.6670330794070317,0.6497576317221151,0.6583953555645734,0.013936163847811048,5349.12224864267,5049.87775135733,5199.5,241.40157874840466,0.5295288888888888,0.5051377777777778,0.5173333333333333,0.019676394329936585,7565.813039667571,7248.1069603324295,7406.96,256.2946013217343,3079.4216918766238,3008.3783081233764,3043.9,57.310945241240304,2037.2366277203664,1970.7633722796336,2004.0,53.624206805840544
supply_delay,fixed,10,33.79382647193522,21.359506861398117,27.576666666666668,10.030808960151804,150.0,150.0,150.0,0.0,0.9708177008474012,0.9493844425729326,0.9601010717101669,0.017290284139278324,1013.8147941580567,640.7852058419435,827.3000000000001,300.9242688045541,156.28722448203857,88.11277551796144,122.2,54.99656554933428,0.0,0.0,0.0,0.0,135.02000000000007,58.50440074511569,15.295599254884305,36.9,34.85669073347166,0.9425898564438314,0.7935896811422266,0.868089768793029,0.1201989606422034,609.5833942559977,434.85660574400237,522.22,140.95270916950201,63.51969845696889,19.680301543031113,41.6,35.365394259234705,0.9659667606902745,0.8895328860539345,0.9277498233721045,0.06165947302107359,1054.0622082216944,842.2177917783056,948.14,170.89562896692235,54.11108763101387,12.888912368986123,33.5,33.2540724323102,0.9038345301690269,0.6389507308765006,0.7713926305227637,0.21368268393961254,425.7537365682898,247.72626343171024,336.74,143.61538295817138,82.02790078202419,26.572099217975808,54.3,44.73638837059206,0.9828447270505561,0.9488956921986104,0.9658702096245833,0.027386804718516757,2286.5947729763075,2053.925227023693,2170.26,187.69533351211012,3000.0,3000.0,3000.0,0.0,0.9708177008474012,0.9493844425729326,0.9601010717101669,0.017290284139278324,781.4361224101928,440.56387758980725,611.0,274.9828277466714,0.1414636512618347,0.08253634873816533,0.112,0.047536860291985554,4592.879928594455,4283.720071405545,4438.3,249.40033413503414,3079.4216918766238,3008.3783081233764,3043.9,57.310945241240304,2940.567764443916,2902.8322355560836,2921.7,30.441382652201884
supply_delay,moving_average,10,6.070953617631542,5.407713049035124,5.739333333333333,0.5350384779055672,150.0,150.0,150.0,0.0,0.6737377869776154,0.6593589837542279,0.6665483853659216,0.011599430666652002,182.12860852894627,162.23139147105374,172.18,16.051154337167016,1039.5448212234046,990.4551787765955,1015.0,39.60078562632593,0.0,0.0,0.0,0.0,2966.1,133.4056112660173,109.9943887339827,121.7,18.885914798541737,0.5673332109957461,0.5257254391606809,0.5465293250782135,0.033565134531482056,823.2386998723101,688.0413001276899,755.64,109.06421350134363,315.9628646972182,277.0371353027818,296.5,31.401521548414745,0.5122813769322752,0.4805018281369492,0.4963916025346122,0.025636672756553635,1898.5094084943657,1689.8905915056343,1794.2,168.29352664648488,76.77914467846298,47.62085532153702,62.2,23.522093633197045,0.6202663971381887,0.48010758120614155,0.5501869891721651,0.11306660522897057,467.55375729644265,312.32624270355734,389.94,125.222576949118,271.0701217663223,232.5298782336777,251.8,31.090548760390547,0.847088483183237,0.8263764489645788,0.8367324660739079,0.016708470180180096,2799.5439802560873,2554.976019743913,2677.26,197.2938260001508,2052.7530968352185,1991.6469031647819,2022.2,49.2945793729448,0.6737377869776154,0.6593589837542279,0.6665483853659216,0.011599430666652002,5197.7241061170225,4952.2758938829775,5075.0,198.00392813162964,0.5425143300131997,0.5081523366534669,0.5253333333333333,0.02771993978580031,7395.355955606069,7143.404044393931,7269.38,203.25048476093622,3079.4216918766238,3008.3783081233764,3043.9,57.310945241240304,2061.154359333275,1996.6456406667255,2028.9,52.03940814421317
supply_delay,oracle,10,33.11655100208998,31.52211566457669,32.31933333333333,1.286236542959515,150.0,150.0,150.0,0.0,0.9878607276753608,0.9774771529610236,0.9826689403181922,0.008376465906081132,993.4965300626993,945.6634699373008,969.58,38.58709628878544,69.55946233764774,36.64053766235226,53.1,26.555811249350135,0.0,0.0,0.0,0.0,0.0,44.21291480085088,13.987085199149117,29.1,24.383282068754493,0.9456985821038154,0.847201427505352,0.8964500048045837,0.07945799785124284,650.8758793099597,495.2441206900402,573.06,125.54868201441046,46.70907374615808,17.89092625384191,32.3,23.247700005711437,0.9699292745594831,0.9215082812094909,0.945718777884487,0.03906138406985768,1107.0106289308353,961.1093710691646,1034.06,117.69905314449692,44.11425232398154,13.685747676018456,28.9,24.546780734842695,0.8919708110192793,0.7072788715156418,0.7996248412674606,0.1489916312003885,440.116333602655,292.403666397345,366.26,119.16032337429549,26.272834346100083,8.527165653899914,17.4,14.315492772983168,0.9945565861117585,0.983303966274967,0.9889302761933627,0.009077527634758486,2063.9468285664366,1955.9331714335638,2009.94,87.13499360825766,3093.6058476558273,3042.7941523441723,3068.2,40.989971673298065,0.9878607276753608,0.9774771529610236,0.9826689403181922,0.008376465906081132,347.79731168823866,183.20268831176134,265.5,132.77905624675066,0.05122725365134981,0.03143941301531686,0.04133333333333333,0.015962919996504864,4397.303691223105,4209.256308776895,4303.28,151.69847871499704,3079.4216918766238,3008.3783081233764,3043.9,57.310945241240304,3014.9482464419725,2966.651753558028,2990.8,38.960949110045505
supply_delay,random,10,82.99182737198448,33.16817262801551,58.08,40.19291590428453,150.0,150.0,150.0,0.0,0.9658843297089463,0.9023866420071778,0.934135485858062,0.05122380594174784,2489.754821159535,995.0451788404654,1742.4,1205.7874771285362,297.9695843491699,104.43041565083008,201.2,156.12872182202022,0.0,0.0,0.0,0.0,1435.52,69.4111565651925,16.588843434807497,43.0,42.611944074141675,0.9387613416465602,0.7362157193373237,0.8374885304919419,0.16339425933505128,709.0276244796003,541.6123755203998,625.32,135.0544647334713,88.97903928638456,21.42096071361545,55.2,54.49933740677751,0.96278046300592,0.8471849300625556,0.9049826965342378,0.09325131924542324,1314.4561254635328,1070.3838745364674,1192.42,196.89393535042615,53.824716542112,14.375283457888006,34.1,31.823995139935946,0.8953357244531183,0.5818807321166971,0.7386082282849077,0.25286523462594784,430.9092075531334,314.77079244686655,372.84,93.68926417803814,146.73536444467965,50.06463555532037,98.4,77.9846138670956,0.9675060628744746,0.903654557221694,0.9355803100480843,0.05150923211579155,2872.742370570162,2440.177629429838,2656.46,348.9514840521849,3119.753466501675,2861.046533498325,2990.4,208.6997843793807,0.9658843297089463,0.9023866420071778,0.934135485858062,0.05122380594174784,1489.8479217458494,522.1520782541505,1006.0,780.6436091101011,0.17362819232778295,0.06637180767221704,0.12,0.08652409926191905,6257.223262951295,5220.376737048706,5738.8,836.4277055828953,3079.4216918766238,3008.3783081233764,3043.9,57.310945241240304,2935.8154953186868,2749.584504681313,2842.7,150.23318911316204
